Accuracy,F1,Sensitivity,Specificity,Precision,Combined Score
0.9370932754880694,0.9342403628117913,0.9196428571428571,0.9535864978902954,0.9493087557603687,0.9371250275784537
