Accuracy,F1,Sensitivity,Specificity,Precision,Combined Score
0.9262472885032538,0.9216589861751151,0.8928571428571429,0.9578059071729957,0.9523809523809523,0.9270341935509178
