Accuracy,F1,Sensitivity,Specificity,Precision,Combined Score
0.8806941431670282,0.8723897911832946,0.8392857142857143,0.919831223628692,0.9082125603864735,0.8801689784840743
