Accuracy,F1,Sensitivity,Specificity,Precision,Combined Score
0.8893709327548807,0.8794326241134751,0.8303571428571429,0.9451476793248945,0.9346733668341709,0.8902186745199115
