Accuracy,F1,Sensitivity,Specificity,Precision,Combined Score
0.8828633405639913,0.8738317757009345,0.8348214285714286,0.9282700421940928,0.9166666666666666,0.8827499805764126
