Accuracy,F1,Sensitivity,Specificity,Precision,Combined Score
0.8394793926247288,0.8294930875576038,0.8035714285714286,0.8734177215189873,0.8571428571428571,0.8372270645936952
