Accuracy,F1,Sensitivity,Specificity,Precision,Combined Score
0.8893709327548807,0.88,0.8348214285714286,0.9409282700421941,0.9303482587064676,0.8899380442862629
